model;accuracy;precision;recall;f1;roc_auc
rf;0.7414285714285714;0.7615324472243941;0.944713870029098;0.8432900432900433;0.6879644305657411
logreg;0.6678571428571428;0.8485221674876847;0.6682832201745877;0.7476939772110689;0.7178785560891497
