model,accuracy,precision,recall,f1,roc_auc
rf,0.814,0.8335694050991501,0.7846666666666666,0.8083791208791209,0.9013771111111111
logreg,0.8113333333333334,0.8277192982456141,0.7863333333333333,0.8064957264957265,0.896411
